{
    "Samples": [
        {
            "Message": "MSH|^~\\&|EPIC|700|||20170815134652|MMCKENWELL78|ADT^A01|17090|T|2.4|||AL|NE\rEVN|A01|20170815134651||ADT_EVENT|MMCKENWELL78^MMCKENWELL^DOROTHY^MOSC/HUSC^^^^^MMCSA^^^^^MMHOSP|20170716223400\rZVN||ET0009^ET0009^^100137001^PCN TRAIN (PCNTRN)^MMCADMIT\rPID|1||9401991^^^^MRN||XXTESTWILLOW^MMCONE^^^^^^^^^^^^||19870716|Fe||Unavailable or unknown|123 SUNSHINE^^FOLSOM^CA^95630^US^^^034|034|(734)555-1212^Home Phone^Home Phone^^1^734^5551212~^NET^Internet^test@test.com|(916)555-1212^^WORK PHONE^^^916^5551212|EN|M|UNK|3001253||||02|||||No|||N\rZPD||||||MARSHALL MEDICAL CENTER SERVICE AREA^^700~UCDHS SERVICE AREA^^100|N\rLAN|1|EN|6\rPD1|||MMC HOSPITAL^^700101|TUPA1971^MMCKENWELL^DOROTHY^FAC-PHY^^^^^^^^^PROV\rROL|1|UP|General|TUPA1971^MMCKENWELL^DOROTHY^FAC-PHY^^^^^^^^^PROV|20170716||||GENERAL||2450 48TH STREET^^SACRAMENTO^CA^95817^|(916)999-9999^^Work Phone^^^916^9999999~(916)734-0963^^Other Fax^^^916^7340963\rNK1|1|XXTESTWILLOW^MMCONESPOUSE^^|B|123 SUNSHINE^^FOLSOM^CA^95630^US^^^034|(734)555-1212^^Home Phone^^^734^5551212~(916)555-1212^^Mobile^^^916^5551212|(734)555-1212^^Work Phone^^^734^5551212\rPV1|1|I|MMCSC^MMCORPR^6340^700101^^^^^^^|R|||TUPA1971^MMCKENWELL^DOROTHY^FAC-PHY^^^^^^^^^PROV|||ORT||||RP|||TUPA1971^MMCKENWELL^DOROTHY^FAC-PHY^^^^^^^^^PROV||140000036154|P|||||||||||||||||||||ADM|||20170716223400|||1045.48\rPV2||Med/Surg||||||20170716||||3|||||||||310001|N\rZPV|||||||||||20170716223400\rZIF|\rOBX|1|TX|PRIMARY CSN^INTERFACE PRIMARY CONTACT|1|140000036154|||||||||20170716\rAL1|1||\rDG1|1||^Test diagnosis|Test diagnosis||^10151;EPT\rPR1|1|\rGT1|1|9401991|XXTESTWILLOW^MMCONE^^||123 SUNSHINE^^FOLSOM^CA^95630^US^^^034|(734)555-1212^^^^^734^5551212|(916)555-1212^^^^^916^5551212|19870716|F|P/F|SLF|||||ATTORNEY DIVERSIFIED|3031 F STREET SUITE 101^^SACRAMENTO^CA^95816^US|(916)441-4396^^^^^916^4414396||Full|||||||||||||||||||||||||||||CSR\rIN1|1|1770005^AETNA/MERCY MED GROUP|177|AETNA/MERCY MED GROUP||||12345678|TESTGROUP|||20140716||||XXTESTWILLOW^MMCONE^^|Self|19870716|123 SUNSHINE^^FOLSOM^CA^95630^US^^^034|||1*1|||||||||||||1432|TEST12345678|||||||F|^^^^^US|||BOTH\rIN2|||||Payor Plan||||||||||||||||||||||||||||||||||||||||||||||||||||||||TEST12345678||(734)555-1212^^^^^734^5551212\rZIN|||||||||SLF|Self||770|9401991|1||Retirement|100+ Employees\r\n",
            "Name": ""
        },
        {
            "Message": "MSH|^~\\&|EPIC|700|||20170815134652|MMCKENWELL78|ADT^A01|17090|T|2.4|||AL|NE\rEVN|A01|20170815134651||ADT_EVENT|MMCKENWELL78^MMCKENWELL^DOROTHY^MOSC/HUSC^^^^^MMCSA^^^^^MMHOSP|20170716223400\rZVN||ET0009^ET0009^^100137001^PCN TRAIN (PCNTRN)^MMCADMIT\rPID|1||9401991^^^^MRN||XXTESTWILLOW^MMCONE^^^^^^^^^^^^||19870716|Fe||Unavailable or unknown|123 SUNSHINE^^FOLSOM^CA^95630^US^^^034|034|(734)555-1212^Home Phone^Home Phone^^1^734^5551212~^NET^Internet^test@test.com|(916)555-1212^^WORK PHONE^^^916^5551212|EN|M|UNK|3001253||||02|||||No|||N\rZPD||||||MARSHALL MEDICAL CENTER SERVICE AREA^^700~UCDHS SERVICE AREA^^100|N\rLAN|1|EN|6\rPD1|||MMC HOSPITAL^^700101|TUPA1971^MMCKENWELL^DOROTHY^FAC-PHY^^^^^^^^^PROV\rROL|1|UP|General|TUPA1971^MMCKENWELL^DOROTHY^FAC-PHY^^^^^^^^^PROV|20170716||||GENERAL||2450 48TH STREET^^SACRAMENTO^CA^95817^|(916)999-9999^^Work Phone^^^916^9999999~(916)734-0963^^Other Fax^^^916^7340963\rNK1|1|XXTESTWILLOW^MMCONESPOUSE^^|B|123 SUNSHINE^^FOLSOM^CA^95630^US^^^034|(734)555-1212^^Home Phone^^^734^5551212~(916)555-1212^^Mobile^^^916^5551212|(734)555-1212^^Work Phone^^^734^5551212\rNK1|2|XXTESTMCHALE^MMCONESPOUSE^^|B|123 SUNSHINE^^FOLSOM^CA^95630^US^^^034|(734)555-1213^^Home Phone^^^734^5551212~(916)555-1212^^Mobile^^^916^5551212|(734)555-1212^^Work Phone^^^734^5551212\rPV1|1|I|MMCSC^MMCORPR^6340^700101^^^^^^^|R|||TUPA1971^MMCKENWELL^DOROTHY^FAC-PHY^^^^^^^^^PROV|||ORT||||RP|||TUPA1971^MMCKENWELL^DOROTHY^FAC-PHY^^^^^^^^^PROV||140000036154|P|||||||||||||||||||||ADM|||20170716223400|||1045.48\rPV2||Med/Surg||||||20170716||||3|||||||||310001|N\rZPV|||||||||||20170716223400\rZIF|\rOBX|1|TX|PRIMARY CSN^INTERFACE PRIMARY CONTACT|1|140000036154|||||||||20170716\rOBX|2|TX|PRIMARY CSN^INTERFACE PRIMARY CONTACT|1|140000036154|||||||||20170716\rOBX|3|TX|PRIMARY CSN^INTERFACE PRIMARY CONTACT|1|140000036154|||||||||20170716\rDG1|1||^Test diagnosis|Test diagnosis||^10151;EPT\rGT1|1|9401991|XXTESTWILLOW^MMCONE^^||123 SUNSHINE^^FOLSOM^CA^95630^US^^^034|(734)555-1212^^^^^734^5551212|(916)555-1212^^^^^916^5551212|19870716|F|P/F|SLF|||||ATTORNEY DIVERSIFIED|3031 F STREET SUITE 101^^SACRAMENTO^CA^95816^US|(916)441-4396^^^^^916^4414396||Full|||||||||||||||||||||||||||||CSR\rIN1|1|1770005^AETNA/MERCY MED GROUP|177|AETNA/MERCY MED GROUP||||12345678|TESTGROUP|||20140716||||XXTESTWILLOW^MMCONE^^|Self|19870716|123 SUNSHINE^^FOLSOM^CA^95630^US^^^034|||1*1|||||||||||||1432|TEST12345678|||||||F|^^^^^US|||BOTH\rIN2|||||Payor Plan||||||||||||||||||||||||||||||||||||||||||||||||||||||||TEST12345678||(734)555-1212^^^^^734^5551212\rZIN|||||||||SLF|Self||770|9401991|1||Retirement|100+ Employees",
            "Name": ""
        }
    ]
}